"","Collection","docname","Tag","pattern","from","to","pre","keyword","post"
"2311","American Citizens for Justice records","umich-bhl-05100_57","bioghist","Death",8,8,"Injuries from the attack led to Chin's","death","four days later ."
"3761","American Citizens for Justice records","umich-bhl-05100_158","bioghist","Race",12,12,"According to reports , Ebens verbally harassed Chin , blaming his","race","for recent U.S . automotive unemployment ( mistakenly believing Chin to be Japanese ) ."
"1465","Arthur H. Vandenberg Papers, 1884-1974","umich-bhl-86746_41","scopecontent","Death",15,15,"The collection covers Vandenberg's entire career with a few folders of papers post-dating his","death","in 1951 relating to the dedication of memorial rooms in his honor in the 1970s ."
"799","Arthur J. Lacy Papers","umich-bhl-85824_28","bioghist","Death",26,26,"In 1920 , he was appointed head of the Detroit Civil Service Commission by Mayor James Couzens , whose private attorney he was until Couzen's","death","."
"2651","Arthur J. Lacy Papers","umich-bhl-85824_65","subjects","Dwellings",96,96,"Industrial . ; Women ; Women's rights ; World War , 1914-1918 . ; World War , 1914-1918 ; World War , 1939-1945 . ;","Dwellings","; Dwellings ; Golf . ; Lumber industry . ; Schools ; Women ."
"2667","Arthur J. Lacy Papers","umich-bhl-85824_65","subjects","Dwellings",98,98,"; Women ; Women's rights ; World War , 1914-1918 . ; World War , 1914-1918 ; World War , 1939-1945 . ; Dwellings ;","Dwellings","; Golf . ; Lumber industry . ; Schools ; Women ."
"11","Blanchard Family Papers, ca. 1835-ca. 2000","umich-bhl-8868_3","scopecontent","Colonial",56,56,"nematology , botany , and herpetology ) ; the visual arts and the development of photography in the late nineteenth and early twentieth centuries ;","colonial","and provincial life in Australia and Hawaii ( respectively ) ; and the daily affairs of American ( and Michigan ) families throughout the twentieth"
"1299","Blanchard Family Papers, ca. 1835-ca. 2000","umich-bhl-8868_38","bioghist","Death",4,4,"After Frank's unexpected","death","in 1937 , Frieda raised the children on her own and continued her research and teaching activities as well as her work at the Botanical"
"1399","Blanchard Family Papers, ca. 1835-ca. 2000","umich-bhl-8868_40","bioghist","Native",37,37,"> pater familias < / emph > , had settled in Franklin , Michigan ( near Detroit ) during the 1830s but returned to his","native","Massachusetts following the death of his first wife and a child in 1841 ."
"1415","Blanchard Family Papers, ca. 1835-ca. 2000","umich-bhl-8868_40","bioghist","Death",41,41,"/ emph > , had settled in Franklin , Michigan ( near Detroit ) during the 1830s but returned to his native Massachusetts following the","death","of his first wife and a child in 1841 ."
"2779","Charles A. Sink Papers, 1900-1996","umich-bhl-8654_72","subjects","Dwellings",39,39,"Musicians ; Public schools ; Roads ; Voyages and travels . ; Aged persons ; Agriculture ; Birthday parties ; Children . ; Capitols ;","Dwellings","; Eating and drinking . ; Families . ; Farms . ; Funeral rites and ceremonies . ; Manners & customs ; Musicians . ;"
"3971","Charles W. Lane papers, 1935-1997","umich-bhl-9840_182","scopecontent","Types",29,29,"be interested in the variety of architectural projects in which Lane was involved , which include schools , mobile homes , churches , and other","types","of structures ."
"1515","Chase S. Osborn Papers","umich-bhl-86549_42","subjects","Death",82,82,"; Presidents ; Saginaw courier herald . ; Sit-down strikes ; Temperance ; Afro-Americans ; Bridges . ; Camping . ; Cement industries . ;","Death",". ; Dwellings . ; Funeral rites and ceremonies . ; Governors ; Governors ; Hunting ; Interiors . ; Log cabins . ; Lumber"
"1565","Chase S. Osborn Papers","umich-bhl-86549_42","subjects","Dwellings",85,85,"Saginaw courier herald . ; Sit-down strikes ; Temperance ; Afro-Americans ; Bridges . ; Camping . ; Cement industries . ; Death . ;","Dwellings",". ; Funeral rites and ceremonies . ; Governors ; Governors ; Hunting ; Interiors . ; Log cabins . ; Lumber industry . ;"
"1581","Chase S. Osborn Papers","umich-bhl-86549_43","scopecontent","Death",25,25,"Materials prior to 1889 are scarce possibly because of a fire which destroyed Osborn's home ; thereafter and up to the time of his","death","in 1949 , the Osborn papers are voluminous , documenting each of this man's varied activities ."
"2699","David Wheeler Palmer and family papers, 1807-1982","umich-bhl-852089_67","subjects","Dwellings",34,34,"Education ; Farm life ; Schools ; Spanish-American War , 1898 . ; Teachers ; Teachers ; Travelers . ; Carriages and coaches . ;","Dwellings","; Spanish-American War , 1898 ."
"43","Dean C. Worcester Papers","umich-bhl-86354_7","subjects","Colonists",11,11,"Voyages and travels . ; Americans ; Anthropology . ;","Colonists",". ; Filipinos . ; Soldiers ; Spaniards ; Warships ."
"3591","Department of Afroamerican and African Studies (University of Michigan) records, 1966-2010 (bulk 1970-1994)","umich-bhl-2012140_117","bioghist","Native",21,21,"The Students of Color Coalition ( SCC ) , another campus-based group , formed to protest the mocking use of","Native","American names , images and regalia by a semi-secret student honor society called Michigamua ."
"3756","Department of Afroamerican and African Studies (University of Michigan) records, 1966-2010 (bulk 1970-1994)","umich-bhl-2012140_157","bioghist","Race",34,34,"and to promote anti-racist student leaders , particularly within Third World communities ; to heighten the level of discussion and research on various aspects of","race",", class and gender issues and to provide concrete tools to anti-racist organizers to help refute stereotypes and myths , and challenge apathy or cynicism"
"1099","Department of History (University of Michigan) Senior Honors Theses","umich-bhl-921114_34","subjects","Death",29,29,"; Afro-Americans ; Afro-Americans ; Agriculture ; Air ; Automobile industry and trade ; Child abuse . ; Child development . ; Crematoriums . ;","Death",". ; Demography . ; Elections ; Fertility , Human . ; Housing ; Indians of North America ; Jews ; Labor ; New Deal"
"3924","Dept. of History (University of Michigan) Student Papers, 1930-1987","umich-bhl-8821_174","bioghist","Type",26,26,"The appointment of Andrew Dickson White ( 1857 ) as professor of history and English literature marked the beginning of historical teaching of the modern","type","."
"3745","Donald Maxwell Matthews photographs, 1924-1982","umich-bhl-92632_154","subjects","Plantations",9,9,"Forestry . ; Lumber industry . ; Sugar","plantations","."
"1349","Earl D. Babst papers, 1899-1967","umich-bhl-85744_39","scopecontent","Death",19,19,"Babst collection consists of twenty-three linear feet of papers received from Mr . Babst , and after his","death",", from members of his family , mainly Mrs ."
"3397","Edmond DeVine papers","umich-bhl-2015052_107","abstract","Native",13,13,"Edmond Francis DeVine was a lawyer and an Ann Arbor , Michigan","native","who served as Prosecuting Attorney for Washtenaw County in the 1950s and was a World War II veteran ."
"899","Edward Gajec Papers","umich-bhl-9833_30","bioghist","Death",12,12,"Gajec remained active in local musical and ethnic activities until his","death","in 1998 ."
"1881","Eleanor M. Bumgardner papers, 1919-1967","umich-bhl-85842_49","bioghist","Native",8,8,""" Lady "" Bumgardner , a Detroit","native",", worked as private secretary for Frank Murphy from 1933 until his death in 1949 ."
"1897","Eleanor M. Bumgardner papers, 1919-1967","umich-bhl-85842_49","bioghist","Death",21,21,""" Lady "" Bumgardner , a Detroit native , worked as private secretary for Frank Murphy from 1933 until his","death","in 1949 ."
"3723","Ethnic and Cultural Communities of Michigan Web Archive, 2010-2014","umich-bhl-2014031_122","scopecontent","Native",12,12,"Web Archives include websites of African American , Arab American ,","Native","American , Asian American and other ethnic communities and organizations who call the state of Michigan home ."
"3746","Ethnic and Cultural Communities of Michigan Web Archive, 2010-2014","umich-bhl-2014031_155","subjects","Race",133,133,"Pacific Islander Americans ; Palestinian Americans ; Polish Americans ; Politics and public policy . ; Popular music ; Potawatomi Indians ; Potawatomi Indians ;","Race","relations ; Racism ; Religion . ; Russian Americans ; Russian Americans ; Russkaia pravoslavnaia tserkov ' zagranitseiÂ­ ; Sermons , American . ; Social"
"3896","Ethnic and Cultural Communities of Michigan Web Archive, 2010-2014","umich-bhl-2014031_169","subjects","Tribe",120,120,"; Baptists ; Boards of trade ; Businesspeople ; Chaldean Catholics ; Charities ; Chinese Americans ; Chinese Americans ; Chippewa Indians . ; Chippewa","Tribe",". ; Christianity and other religions ; Commerce and industry . ; Communities ; Community centers ; Druze women ; Druzes ; East Indian Americans"
"3898","Ethnic and Cultural Communities of Michigan Web Archive, 2010-2014","umich-bhl-2014031_170","geognames","Tribe",31,31,") ; Battle Creek ( Mich . ) ; Bay Mills Indian Community , Michigan . ; Bay Mills ( Mich . ) ; Chippewa","Tribe",". ; Dearborn ( Mich . ) ; Detroit ( Mich . ) ; Detroit ( Mich . ) ; Detroit ( Mich . )"
"849","Eugene Gressman papers, 1935-1967","umich-bhl-851417_29","bioghist","Death",3,3,"Following Murphy's","death",", Gressman worked with different Washington law firms ."
"2859","Frank Murphy Papers, 1908-1949","umich-bhl-86734_75","subjects","Dwellings",54,54,", 1936-1937 . ; Governors ; Sit-down strikes ; Clothing and dress ; Clothing and dress ; Crowds . ; Demonstrations . ; Dentistry ;","Dwellings","; Diseases . ; Funeral rites and ceremonies . ; Galleries and museums ; Governors ; Governors ; Horseback riding . ; Interiors . ;"
"2097","Frank R. Kennedy Papers","umich-bhl-9961_53","bioghist","Death",14,14,"The university was looking for a professor in bankruptcy and reorganization after the","death","of professor Edgar Durfee , and Michigan persuaded him to return ."
"1049","Fred E. Benz motion picture collection, 1929-1950","umich-bhl-93291_33","bioghist","Death",16,16,"He married in 1916 to a woman named Margaret and the marriage lasted until his","death","in 1963 ."
"3331","Fred E. Benz motion picture collection, 1929-1950","umich-bhl-93291_99","subjects","Indigenous",21,21,"Animals . ; Bullfighting . ; Cemeteries . ; Children . ; Church architecture . ; Country life . ;","Indigenous","peoples . ; Lifesaving . ; Markets . ; Peasants . ; Pygmies . ; Rites and ceremonies . ; Transportation . ; Travel ."
"3334","Fred E. Benz motion picture collection, 1929-1950","umich-bhl-93291_100","scopecontent","Indigenous",11,11,"Perhaps the greater value lies in the depiction of the","indigenous","lifestyles captured on film ."
"3575","Fred E. Benz motion picture collection, 1929-1950","umich-bhl-93291_116","bioghist","Native",12,12,"In 1911 , Fred Benz , an Ann Arbor , Michigan","native",", joined his brothers Victor and Albert in their agricultural implements and feed business called Benz Brothers ."
"3932","Fred E. Benz motion picture collection, 1929-1950","umich-bhl-93291_176","scopecontent","Type",2,2,"This","type","of film was sold through camera stores and mail order houses and Benz probably purchased a reel for his own use ."
"16","George A. Malcolm papers, 1896-1965","umich-bhl-851764_4","abstract","Colonialism",31,31,"reports , articles , and legal opinions , diplomas , citations , memorabilia , manuscript of book , 1956 , entitled , "" Sunset of","Colonialism",": memoirs of an American Colonial Careerist "" : decisions , 1909-1939 , made while a jurist in the Philippines ; copies of addresses and"
"17","George A. Malcolm papers, 1896-1965","umich-bhl-851764_4","abstract","Colonial",37,37,"opinions , diplomas , citations , memorabilia , manuscript of book , 1956 , entitled , "" Sunset of Colonialism : memoirs of an American","Colonial","Careerist "" : decisions , 1909-1939 , made while a jurist in the Philippines ; copies of addresses and legal articles ; and photographs ."
"45","George A. Malcolm papers, 1896-1965","umich-bhl-851764_8","subjects","Colonists",10,10,"Judges ; Law . ; Lawyers ; Capitols ;","Colonists",". ; Judges"
"149","George E. Bushnell papers, 1921-1965","umich-bhl-85548_15","bioghist","Death",9,9,"Bushnell served full-time as Grand Commander until his","death","in 1965 ."
"2875","George Owen Squier Papers, 1883-1934","umich-bhl-8674_76","subjects","Dwellings",25,25,"Inventions . ; Physicists ; Radio . ; Scientists ; Voyages and travels . ; Boats . ; Camps . ; Communication devices ;","Dwellings",". ; Inventions . ; Parks ; Soldiers"
"249","Grant Kohn Goodman papers, 1943-1995","umich-bhl-0336_17","bioghist","Death",36,36,"University of Kansas ( KU ) for thirty years , retiring in 1989 , though he continued working with KU in various capacities until his","death","in 2014 ."
"6","Harry Burns Hutchins papers","umich-bhl-851733_2","bioghist","Colonial",38,38,"the American Revolution , a Regent of the Sarah Caswell Angell Chapter , the National Committee for the American flag , the Michigan Chapter of","Colonial","Dames , the American Association of University Women ( Ann Arbor branch ) , the Faculty Women’s Club , and a founding member of the"
"549","Harry Burns Hutchins papers","umich-bhl-851733_23","bioghist","Death",22,22,"After his retirement in 1920 , Hutchins became President Emeritus and continued to serve the university in various capacities until his","death","."
"2827","Harry Burns Hutchins papers","umich-bhl-851733_74","subjects","Dwellings",57,57,"1898 . ; Greek letter societies ; Students , Foreign ; Hazing ; World War , 1914-1918 ; World War , 1914-1918 ; Immigrants ;","Dwellings","; Dwellings ; Streets ; Women's resources"
"2843","Harry Burns Hutchins papers","umich-bhl-851733_74","subjects","Dwellings",59,59,"; Greek letter societies ; Students , Foreign ; Hazing ; World War , 1914-1918 ; World War , 1914-1918 ; Immigrants ; Dwellings ;","Dwellings","; Streets ; Women's resources"
"3766","Harry Burns Hutchins papers","umich-bhl-851733_159","corpnames","Race",63,63,"; Men's League for Woman Suffrage of the State of Michigan . ; National Child Labor Committee ( U.S . ) ; National Conference on","Race","Betterment . ; National Conservation Congress ."
"3889","Harry Burns Hutchins papers","umich-bhl-851733_165","bioghist","Settlers",24,24,"She was a descendent of Thomas Hooker , founder of Hartford , Connecticut , and Deacon William Crocker , one of the early","settlers","of Cape Cod , Massachusetts ."
"2891","Harry H. Bandholtz Papers, 1890-1937 (Microfilm Edition)","umich-bhl-9436_77","subjects","Dwellings",24,24,"Freemasonry ; Postage-stamps . ; Presidents ; Presidents ; Tariff ; World War , 1914-1918 . ; Spanish-American War , 1898 . ;","Dwellings","; Military officers . ; Military art and science . ; World War , 1914-1918"
"3328","Harry H. Bandholtz Papers, 1890-1937 (Microfilm Edition)","umich-bhl-9436_98","scopecontent","Indigenous",16,16,"But in the Philippines , because he was a provincial governor and head of the","indigenous","military force , Bandholtz was at the center of affairs in this period of Philippine history ."
"3391","Harry H. Bandholtz Papers, 1890-1937 (Microfilm Edition)","umich-bhl-9436_103","bioghist","Insurgent",13,13,"Bandholtz was an effective commander who arranged for the unconditional surrender of","insurgent","general Simeon Ola and his forces in Albay ."
"3393","Harry H. Bandholtz Papers, 1890-1937 (Microfilm Edition)","umich-bhl-9436_104","bioghist","Insurgent",21,21,"Bandholtz ' first responsibility was to help establish peace in the Islands which was then being disturbed by various local","insurgent","armies , notably in Central Luzon and on the Island of Marinduque and in Tayabas Province ."
"649","Hinsdale family papers, 1857-1963","umich-bhl-851586_25","bioghist","Death",23,23,"Burke Aaron Hinsdale was professor of the Science and the Art of Teaching at the University of Michigan from 1888 to his","death","in 1900 ."
"2683","Hubbell Family Papers, 1859-1983","umich-bhl-85217_66","subjects","Dwellings",10,10,"Women ; Women ; Women ; Children . ;","Dwellings","; Railroads ; Schools"
"299","Interlochen Center for The Arts Records, 1927-2005","umich-bhl-851981_18","bioghist","Death",19,19,"The tactic worked ; the crisis passed , and amiable relations were restored ( lasting until Giddings '","death","in 1954 ) ."
"349","Interlochen Center for The Arts Records, 1927-2005","umich-bhl-851981_19","bioghist","Death",31,31,"appointed to the Board of Trustees , on which he remained a leading force for nearly two decades ( becoming its chair upon Roscoe Bonisteel's","death","in July 1972 ) ."
"449","Interlochen Center for The Arts Records, 1927-2005","umich-bhl-851981_21","scopecontent","Death",43,43,"an alumni leader , and various administrators at Interlochen , but the greatest proportion was assembled from Maddy's home and Interlochen offices , after his","death",", by Margaret ( Peg ) Stace , his long-time assistant ."
"699","Interlochen Center for The Arts Records, 1927-2005","umich-bhl-851981_26","bioghist","Death",42,42,"well as the development of competing institutions , such as the Blue Lake Fine Arts Camp in Michigan ( which opened the summer following Maddy's","death",") , threatened Interlochen's unchallenged preeminence ."
"3559","Interlochen Center for The Arts Records, 1927-2005","umich-bhl-851981_115","bioghist","Native",13,13,"Then , he learned conducting as head of the orchestra in his","native","Wellington ( Kansas ) ."
"2795","Irene Ellis Murphy papers, 1917-1984","umich-bhl-851917_73","subjects","Dwellings",16,16,"Businesswomen ; Automobiles ; Children . ; Children playing . ; Children's parties . ;","Dwellings",". ; Dwellings ; Families . ; Funeral rites and ceremonies . ; Horseback riding . ; Interiors . ; Recreation . ; Soldiers ;"
"2811","Irene Ellis Murphy papers, 1917-1984","umich-bhl-851917_73","subjects","Dwellings",19,19,"Businesswomen ; Automobiles ; Children . ; Children playing . ; Children's parties . ; Dwellings . ;","Dwellings","; Families . ; Funeral rites and ceremonies . ; Horseback riding . ; Interiors . ; Recreation . ; Soldiers ; Travel . ;"
"999","Ivan F. Duff papers, 1947-1994","umich-bhl-95106_32","bioghist","Death",21,21,"In 1986 he was awarded emeritus status by the university , and continued to see patients until shortly before his","death","."
"1631","Jacob Ellsworth Reighard Papers","umich-bhl-86457_44","subjects","Death",3,3,"Deaf ;","Death",". ; Evolution . ; Fishes ; Fur trade ; Underwater photography . ; Zoology . ; World War , 1914-1918 ; World War ,"
"3751","Jacob Ellsworth Reighard Papers","umich-bhl-86457_156","corpnames","Race",15,15,"Zoological Laboratory . ; Amateur Fencers League of America . ; National Conference on","Race","Betterment ."
"3829","James J. Blanchard Papers, 1982-2002","umich-bhl-9940_162","scopecontent","Remains",3,3,"All that","remains","are the papers of Gregory Morris , director of the division from 1987 to 1990 ."
"3395","John A. Bobb Camp No. 45 (United Spanish War Veterans) records, 1919-1954","umich-bhl-86154_105","bioghist","Insurrection",21,21,"The United Spanish War Veterans Organization is open to veterans of three wars : the Spanish-American War , the Philippine","Insurrection",", and the Boxer Rebellion ."
"3739","John C. Early Papers","umich-bhl-85532_123","bioghist","Non-Christian",19,19,"He was governor of the Mountain Province , 1923-1930 , then later advisor to the governor general on","non-Christian","affairs ."
"3741","John C. Early Papers","umich-bhl-85532_124","abstract","Non-Christian",23,23,"Teacher and administrator in the Philippines , governor of the Mountain Province , 1923-1930 , later advisor to the Governor General on","non-Christian","affairs ; correspondence , reminiscences , speeches , articles , and photographs ."
"1681","John D. Dingell Papers","umich-bhl-861021_45","bioghist","Death",5,5,"From 1943 to his","death",", Dingell led the unsuccessful fight in the House for President Truman's national health insurance program ."
"1731","John D. Dingell Papers","umich-bhl-861021_46","bioghist","Death",11,11,"He served Detroit continuously as U.S . Representative until his","death","on September 19 , 1955 ( his seat has since that date been filled by his son , John D ."
"3691","Joseph Beal Steere Papers","umich-bhl-85831_120","bioghist","Native",6,6,"He was especially interested in","native","dialects , and he compiled phonetic studies of several different languages ."
"3900","Joseph Beal Steere Papers","umich-bhl-85831_171","bioghist","Tribes",14,14,"He obtained rare manuscripts from Formosa , and he studied fifteen previously unknown","tribes","along the Amazon ."
"599","Joseph Ralston Hayden Papers","umich-bhl-851643_24","bioghist","Death",30,30,"became a member of the university's department of political science , where he remained , except for his service with the government , until his","death","on May 19 , 1945 ."
"3396","Joseph Ralston Hayden Papers, 1899-1945 [microfilm]","umich-bhl-2011165_106","scopecontent","Moros",8,8,"Many of the files relate to the","Moros","and to Mindanao and Sulu ."
"399","Josephine Fellows Gomon papers, 1913-1975","umich-bhl-85710_20","bioghist","Death",24,24,"Gomon met Clarence Darrow , and their friendship continued throughout the Ossian Sweet trial in Detroit and up until the time of his","death","."
"749","Josephine Fellows Gomon papers, 1913-1975","umich-bhl-85710_27","bioghist","Death",3,3,"Until her","death","in 1975 , Mrs ."
"2635","Josephine Fellows Gomon papers, 1913-1975","umich-bhl-85710_64","subjects","Dwellings",22,22,"Depressions ; Women in politics ; World War , 1939-1945 . ; African Americans ; Banquets . ; Crowds . ;","Dwellings","; Governors ; Horseback riding . ; Housing . ; Mayors ; Political elections . ; Smoking . ; Women"
"2715","Junius E. Beal Papers","umich-bhl-85884_68","subjects","Dwellings",68,68,"Elections ; Elections ; Elections ; Street-railroads ; Temperance ; World War , 1914-1918 . ; Bicycles and tricycles . ; Cemeteries ; Cycling ;","Dwellings","; Forestry . ; Lumber industry . ; Streets"
"1","Luce Philippine Project interviews, 1975-1980","umich-bhl-8772_1","bioghist","Colonial",80,80,"oral history , both in the Philippines and among Filipinos and Americans with Philippine experience ( former diplomats , teachers , missionaries , servicemen ,","colonial","officials , etc . ) in the United States ."
"199","Manuel Luis Quezon papers, 1909-1944","umich-bhl-852085_16","scopecontent","Death",20,20,"The papers span the period beginning with Quezon's residence in Washington DC as Resident Commissioner and ending with his","death","in New York State during World War II ."
"1781","Marion L. Burton Papers","umich-bhl-85899_47","bioghist","Death",4,4,"President Burton's untimely","death","in February 1925 denied him the opportunity to see all these plans completed ."
"1831","Marion L. Burton Papers","umich-bhl-85899_48","bioghist","Death",27,27,"the spring of 1920 he was chosen to become the sixth president of the University of Michigan , and served from September 1920 until his","death","in February 1925 ."
"2988","Marion L. Burton Papers","umich-bhl-85899_82","bioghist","Hygiene",12,12,"A growing public awareness of the desirability of teaching health and","hygiene","in the public schools led to the development of the Department of Physical Education in the School of Education ."
"2991","Marion L. Burton Papers","umich-bhl-85899_83","corpnames","Hygiene",26,26,"Clements Library . ; American Association for International Cooperation . ; American Birth Control League . ; American Council on Education . ; American Social","Hygiene","Association . ; Anti-Saloon League of America . ; International Anti-Narcotic League . ; International Narcotic Education Association . ; National Association for the Advancement"
"3928","Media Resources Center (University of Michigan) Films and Videotapes, 1930s and 1948-1987","umich-bhl-851831-f_175","abstract","Type",6,6,"The collection consists of documentary","type","film and video and film and video of television programs produced by the Media Resources Center and its predecessors ."
"3511","Museum of Anthropological Archaeology (University of Michigan) Records, 1894-2011","umich-bhl-0375_111","bioghist","Native",17,17,"The Ethnobotanical Laboratory , a center for the identification and interpretation of plant materials utilized by","Native","Americans , was established within this division in 1938 ."
"2985","Myron E. Wegman Papers, 1939-2004","umich-bhl-89211_81","bioghist","Hygiene",16,16,"His career began in 1936 with the Maryland State Health Department , Bureau of Child","Hygiene","."
"2211","Netzorg Family Papers, late 1880s-2012","umich-bhl-2012143_55","scopecontent","Death",22,22,"and Katherine ; journals and diaries ; published works and manuscripts of Morton J . ; material related to Bracha Fuld's","death","; photographs ; the Cellar Book Shop card catalog ; also World War II-period artifacts , and Bracha's military ribbon ."
"3389","Netzorg Family Papers, late 1880s-2012","umich-bhl-2012143_102","abstract","Insurgency",35,35,"in the 20th century , specifically during the Second World War ; life of German Jewry on the eve of World War II ; Zionist","Insurgency","in the British Mandate Palestine ; developments in the scholarly field of South East Asian Studies and international publishing and book trade industries related to"
"3527","Netzorg Family Papers, late 1880s-2012","umich-bhl-2012143_112","bioghist","Native",5,5,"Morton was a Michigan","native","and a University of Michigan graduate ( Literature , 1910 ) ."
"3936","News and Information Services (University of Michigan) records, 1900-[ongoing]","umich-bhl-87265.0_177","bioghist","Types",9,9,"News Service has continued to expand its media","types","and now includes podcasts , social media , and other online resources in addition to its print , radio , and television services ."
"22","Owen A. Tomlinson papers, 1899-1920","umich-bhl-85419_5","scopecontent","Colonial",23,23,"Within the Photograph series will be found six albums containing photos of Philippine Constabulary and U.S . Army personnel , and other","colonial","officials , Philippine people of the Mountain and Nueva Vizcaya provinces including Bontoc , Igorot , and Ifugao people , headhunter ceremony , travel in"
"27","Owen A. Tomlinson papers, 1899-1920","umich-bhl-85419_5","scopecontent","Igorot",38,38,"Philippine Constabulary and U.S . Army personnel , and other colonial officials , Philippine people of the Mountain and Nueva Vizcaya provinces including Bontoc ,","Igorot",", and Ifugao people , headhunter ceremony , travel in China , and a visit of Dean C ."
"3495","Owen A. Tomlinson papers, 1899-1920","umich-bhl-85419_110","bioghist","Native",13,13,"Second Lieutenant Maximo Meimban was a Filipino officer and a Pampanga Province","native",", who served in the constabulary ."
"499","Philip A. Hart Papers","umich-bhl-85193_22","bioghist","Death",14,14,"Hart was United States Senator from Michigan , serving from 1959 until his","death","in December of 1976 ."
"3957","Philip A. Hart Papers","umich-bhl-85193_180","scopecontent","Types",9,9,"Hart himself and his staff had discarded certain","types","of files before donating them to the library , notably case files and constituent mail answered by form ."
"3894","Richard Nims papers, 1880s-1990s","umich-bhl-2010155_168","bioghist","Territory",20,20,"Therefore , students wanting to buy a drink would have to venture to establishments located outside Ann Arbor's dry","territory","like the Pretzel Bell ."
"2147","Richard Schneidewind papers, 1899-1914","umich-bhl-2011132_54","bioghist","Death",3,3,"After Gabina's","death","Schneidewind returned to the U.S . In 1904 he worked at the St . Louis World's Fair where , among similar exhibits , he saw"
"2197","Richard Schneidewind papers, 1899-1914","umich-bhl-2011132_54","bioghist","Igorot",31,31,"to the U.S . In 1904 he worked at the St . Louis World's Fair where , among similar exhibits , he saw the ""","Igorot","Village "" exhibit that included 123 Igorots brought by the Dr . Truman K ."
"2207","Richard Schneidewind papers, 1899-1914","umich-bhl-2011132_54","bioghist","Igorots",38,38,"worked at the St . Louis World's Fair where , among similar exhibits , he saw the "" Igorot Village "" exhibit that included 123","Igorots","brought by the Dr . Truman K ."
"2973","Richard Schneidewind papers, 1899-1914","umich-bhl-2011132_79","subjects","Executions",33,33,"; Boats . ; Caricatures and cartoons . ; Circuses & shows . ; Convalescent hospitals ; Ethnic stereotypes . ; Ethnographic photographs . ;","Executions","; Exhibitions . ; Fairs . ; Human curiosities . ; Igorot ( Philippine people ) ; Leprosy ; Midways . ; Military hospitals ,"
"2974","Richard Schneidewind papers, 1899-1914","umich-bhl-2011132_79","subjects","Igorot",45,45,". ; Convalescent hospitals ; Ethnic stereotypes . ; Ethnographic photographs . ; Executions ; Exhibitions . ; Fairs . ; Human curiosities . ;","Igorot","( Philippine people ) ; Leprosy ; Midways . ; Military hospitals , American ; Military hospitals ; Ships . ; Sideshows . ; Soldiers"
"2994","Richard Schneidewind papers, 1899-1914","umich-bhl-2011132_84","scopecontent","Igorot",9,9,"Paper records include admission tickets and passes to","Igorot","Village exhibits at state fairs and expositions ; advertising flyers and brochures for the Igorot Village exhibits ; Schneidewind's contracts with Igorots Felingao and Ugaog"
"3004","Richard Schneidewind papers, 1899-1914","umich-bhl-2011132_84","scopecontent","Igorot",24,24,"Paper records include admission tickets and passes to Igorot Village exhibits at state fairs and expositions ; advertising flyers and brochures for the","Igorot","Village exhibits ; Schneidewind's contracts with Igorots Felingao and Ugaog [ Ugaag ? ] ( 1905 ) ; newspaper clippings and articles reporting about Igorot"
"3014","Richard Schneidewind papers, 1899-1914","umich-bhl-2011132_84","scopecontent","Igorots",31,31,"and passes to Igorot Village exhibits at state fairs and expositions ; advertising flyers and brochures for the Igorot Village exhibits ; Schneidewind's contracts with","Igorots","Felingao and Ugaog [ Ugaag ? ] ( 1905 ) ; newspaper clippings and articles reporting about Igorot Village exhibits in various locations ; photographs"
"3018","Richard Schneidewind papers, 1899-1914","umich-bhl-2011132_84","scopecontent","Igorot",49,49,"Igorot Village exhibits ; Schneidewind's contracts with Igorots Felingao and Ugaog [ Ugaag ? ] ( 1905 ) ; newspaper clippings and articles reporting about","Igorot","Village exhibits in various locations ; photographs and stereographs , with mostly staged images , of Igorot Village exhibits , as well as miscellaneous photographs"
"3028","Richard Schneidewind papers, 1899-1914","umich-bhl-2011132_84","scopecontent","Igorot",66,66,") ; newspaper clippings and articles reporting about Igorot Village exhibits in various locations ; photographs and stereographs , with mostly staged images , of","Igorot","Village exhibits , as well as miscellaneous photographs , including Schneidewind's portraits ; among miscellaneous items are Schneidewind's business card and 2 letters ( one"
"3038","Richard Schneidewind papers, 1899-1914","umich-bhl-2011132_85","scopecontent","Igorot",8,8,"Also photographs and stereographs depicting Schneidewind's ""","Igorot","villages "" : group photographs and individual portraits , scenes , dances , etc . ; newspaper clippings documenting the tours , programs , advertising"
"3048","Richard Schneidewind papers, 1899-1914","umich-bhl-2011132_85","scopecontent","Igorots",44,44,", dances , etc . ; newspaper clippings documenting the tours , programs , advertising materials , and business contracts signed by Schneidewind and the","Igorots","."
"3052","Richard Schneidewind papers, 1899-1914","umich-bhl-2011132_86","abstract","Igorot",16,16,"Richard Schneidewind’s collection of photographs , stereographs , newspaper articles and advertising materials about the","Igorot","peoples of the Philippines , and "" Igorot Villages "" traveling exhibits in the U.S . , Canada and Europe that his company , the"
"3062","Richard Schneidewind papers, 1899-1914","umich-bhl-2011132_86","abstract","Igorot",24,24,"Richard Schneidewind’s collection of photographs , stereographs , newspaper articles and advertising materials about the Igorot peoples of the Philippines , and ""","Igorot","Villages "" traveling exhibits in the U.S . , Canada and Europe that his company , the Filipino Exhibition Company , organized and managed between"
"3083","Richard Schneidewind papers, 1899-1914","umich-bhl-2011132_88","bioghist","Igorot",8,8,"In 1905 they arranged a group of","Igorot","men and women from the Luzon mountain interior to be brought for a tour ."
"3093","Richard Schneidewind papers, 1899-1914","umich-bhl-2011132_89","scopecontent","Igorot",9,9,"Also includes undated photographs of scenes from the","Igorot","Village exhibits ."
"3103","Richard Schneidewind papers, 1899-1914","umich-bhl-2011132_90","scopecontent","Igorot",19,19,"The two Oversize folders contains loose materials found in the European tour scrapbook : an undated photograph of","Igorot","Village exhibit ; undated group photograph containing portrait of Schneidewind's son Richard ( his last name spelled Schneidowin ) ; and 3 newspaper articles ("
"3177","Richard Schneidewind papers, 1899-1914","umich-bhl-2011132_92","bioghist","Igorot",10,10,"In 1907 he brought to the U.S . 40","Igorot","people ; 40 people in 1908 ; and in 1911 his company brought 55 people on a tour of Europe ( France , England ,"
"3324","Richard Schneidewind papers, 1899-1914","umich-bhl-2011132_97","bioghist","Igorots",9,9,"In winter 1913 American newspapers reported about starving","Igorots","wandering the streets of Ghent , Belgium ."
"3479","Richard Schneidewind papers, 1899-1914","umich-bhl-2011132_109","bioghist","Native",5,5,"Richard Schneidewind was a","native","and resident of Detroit , Mich ."
"2747","Robert D. Aldrich Collection","umich-bhl-8516_70","subjects","Dwellings",82,82,"Canoes . ; Carriages and coaches . ; Centennial celebrations . ; Children . ; Churches ; City & town life ; Courtship . ;","Dwellings","; Farming . ; Fires . ; Football . ; Freemasonry . ; Hearses . ; Hunting ; Laborers . ; Lumber industry . ;"
"3887","Robert D. Aldrich Collection","umich-bhl-8516_164","scopecontent","Settlers",12,12,"The collection spans the period from the arrival of the first","settlers","in 1831 to the 1980s ."
"47","Sligh Family Papers","umich-bhl-85481_13","bioghist","Death",3,3,"With his","death","and worsening business conditions in the furniture industry , the Sligh Furniture Company floundered and failed ."
"2047","Sligh Family Papers","umich-bhl-85481_52","bioghist","Death",11,11,"Though still a boy at the time of his father's","death","< persname > Charles R ."
"97","Stanley M. Swinton papers, 1935-1985","umich-bhl-85517_14","scopecontent","Death",15,15,"The Stanley Swinton papers include correspondence ; dispatch files ; notebooks relating to the","death","of Mussolini , the Malayan insurgency in the late 1940s , and the Indonesian revolutions ; notes of interviews with Seni Premot of Thailand ,"
"147","Stanley M. Swinton papers, 1935-1985","umich-bhl-85517_14","scopecontent","Insurgency",21,21,"The Stanley Swinton papers include correspondence ; dispatch files ; notebooks relating to the death of Mussolini , the Malayan","insurgency","in the late 1940s , and the Indonesian revolutions ; notes of interviews with Seni Premot of Thailand , Norodom Sihanouk of Cambodia , Ho"
"2984","Stanley M. Swinton papers, 1935-1985","umich-bhl-85517_80","bioghist","Hanging",15,15,"Among his most famous stories is an eyewitness account of Fascist dictator Benito Mussolini","hanging","by his heels in a Milan square ."
"2361","the Albert Kahn Associates records, 1825-2014","umich-bhl-0420_58","bioghist","Death",4,4,"Well after his","death",", his architectural firm , Albert Kahn Associates , Inc . , remains an international leader in the design of highly specialized , efficient ,"
"2411","the Albert Kahn Associates records, 1825-2014","umich-bhl-0420_58","bioghist","Remains",17,17,"Well after his death , his architectural firm , Albert Kahn Associates , Inc . ,","remains","an international leader in the design of highly specialized , efficient , flexible , and expandable factory buildings that enhance the flow of the manufacturing"
"2465","the Albert Kahn Associates records, 1825-2014","umich-bhl-0420_60","abstract","Death",3,3,"After Kahn's","death","in 1942 , his architectural firm , Albert Kahn Associates , Inc . , has continued to be a worldwide leader in the design of"
"2515","the Albert Kahn Associates records, 1825-2014","umich-bhl-0420_61","scopecontent","Death",38,38,"Kahn's career and highlight the work of his architectural firm , Albert Kahn Associates , Inc . , which continued to develop projects after his","death",", and remains a living institution ."
"2565","the Albert Kahn Associates records, 1825-2014","umich-bhl-0420_61","scopecontent","Remains",41,41,"highlight the work of his architectural firm , Albert Kahn Associates , Inc . , which continued to develop projects after his death , and","remains","a living institution ."
"2569","the Albert Kahn Associates records, 1825-2014","umich-bhl-0420_62","bioghist","Death",7,7,"In 1942 , just before Kahn's","death",", the American Institute of Architects presented him with a special award , the citation for which read :"
"3543","the Barbara Bassett McIver papers","umich-bhl-2018019_113","abstract","Native",1,1,"","native",", Barbara Bassett McIver was part of the second cohort of Peace Corps volunteers and part of the first Peace Corps group to go to"
"1947","the Edward Nicholas and Dollie Ann Cole papers","umich-bhl-88180_50","bioghist","Death",4,4,"After Ed Cole’s","death","in 1977 , she moved to the Briarpatch Ranch near Austin , Texas where she was a fixture in local society and continued to be"
"3891","the Grant Kohn Goodman research files","umich-bhl-2011107_166","scopecontent","Slavery",13,13,"Specifically , part of Goodman’s research focused on the system of sexual","slavery","perpetuated by the Japanese military between 1932 and 1945 ."
"3707","the Harold Dunbar Corbusier papers, 1883-1979","umich-bhl-2019013_121","bioghist","Native",28,28,"active service in 1905 , settling in Plainfield , NJ to raise a family with his wife Louise Shepard Corbusier ( 1875-1964 ) , a","native","of Battle Creek , Michigan ."
"3892","the Harold Dunbar Corbusier papers, 1883-1979","umich-bhl-2019013_167","bioghist","Territory",22,22,"Harold Dunbar Corbusier ( 1873-1950 ) was born at a U.S . Army's Camp Date Creek in Yavapai County , Arizona","Territory","to Colonel William H ."
"1149","Theodore H. Hubbell Papers","umich-bhl-90180_35","bioghist","Death",17,17,"Hussey , was professor of astronomy at the university in 1891-1892 and from 1915 until his","death","in 1926 ; William's wife , Ethel Fountain Hussey , was a distinguished alumna whose philanthropy is commemorated by an eponymous room in the Michigan"
"1199","Theodore H. Hubbell Papers","umich-bhl-90180_36","bioghist","Death",4,4,"With the unexpected","death","of Rogers in 1955 , Hubbell assumed more obvious control of the administrative aspects of the museum ."
"1249","Theodore H. Hubbell Papers","umich-bhl-90180_37","bioghist","Death",22,22,"Even after his ostensible retirement , Hubbell came to the museum daily and served as "" everybody's mentor "" until his","death","in 1989 ."
"2619","Theodore H. Hubbell Papers","umich-bhl-90180_63","subjects","Dwellings",8,8,"Agriculture ; Entomology . ; Women ;","Dwellings",". ; World War , 1914-1918 ."
"1997","Thomas Francis Papers","umich-bhl-851285_51","bioghist","Death",10,10,"Francis remained at the University of Michigan until his","death","on October 1 , 1969 ."
"3920","Thomas Francis Papers","umich-bhl-851285_173","bioghist","Type",14,14,"In 1940 , he identified and was able to isolate influenza virus ,","Type","B ."
"3964","Thomas Francis Papers","umich-bhl-851285_181","scopecontent","Types",1,1,"","Types","of records in these unprocessed subseries consist of minutes of meetings and procedural records ."
"3943","University Herbarium (University of Michigan) Records, 1744-1745, 1851-1981, and 2001-2014","umich-bhl-2014136_178","bioghist","Types",21,21,"The U-M Herbarium is also a leader in digitizing herbaria collections , beginning with a 1977 database of seed plant","types","( Reznicek ) ."
"949","Walker Lee Cisler Papers","umich-bhl-9573_31","bioghist","Death",11,11,"Walker Cisler remained active in his many endeavors until his","death","on October 18 , 1994 at the age of 97 ."
"3673","Walter W. Marquardt Papers, 1896-1952","umich-bhl-91421_119","scopecontent","Native",16,16,"The slides include views of Philippine people , buildings , and scenery , especially of","native","tribes , and slides of Marquardt and other American officials in the Philippines ."
"3689","Walter W. Marquardt Papers, 1896-1952","umich-bhl-91421_119","scopecontent","Tribes",17,17,"The slides include views of Philippine people , buildings , and scenery , especially of native","tribes",", and slides of Marquardt and other American officials in the Philippines ."
"2731","Wilfred B. Shaw Papers","umich-bhl-8632_69","subjects","Dwellings",21,21,"Art . ; Artists . ; Michigan alumnus quarterly review . ; Boats . ; Buildings ; Churches . ;","Dwellings","; Football . ; Fraternities and sororities . ; Music ensembles . ; Parades & amp ; processions . ; Printmaking . ; Schools ;"
"2763","Wright family papers, 1825-1938","umich-bhl-86440_71","subjects","Dwellings",15,15,"Agriculture . ; Ships ; Women ; Boats . ; Clothing and dress ;","Dwellings",". ; Interiors . ; Men ; Offices . ; Women ."
"3825","WUOM Records, 1914-1982","umich-bhl-8738_161","bioghist","Remains",4,4,"Nevertheless the station","remains","faithful to the mission established in the 1940s by the University Executive Committee on Radio , to "" interpret and report to its audience the"
